{"changed":true,"filter":false,"title":"s3-trigger.json","tooltip":"/FinalCodes/s3-trigger.json","value":"{\n  \"LambdaFunctionConfigurations\": [\n    {\n      \"LambdaFunctionArn\": \"arn:aws:lambda:us-west-2:835489954437:function:hiringpilot-trigger\",\n      \"Events\": [\"s3:ObjectCreated:*\"],\n      \"Filter\": {\n          \"Key\": {\n              \"FilterRules\": [{\"Name\": \"extracted-emails\", \"Value\": \"nadigsrinidhi@gmail.com\"}]\n          }\n      }\n    }\n  ]\n}","undoManager":{"mark":3,"position":5,"stack":[[{"start":{"row":0,"column":0},"end":{"row":12,"column":1},"action":"insert","lines":["{","  \"LambdaFunctionConfigurations\": [","    {","      \"LambdaFunctionArn\": \"<Lambda ARN>\",","      \"Events\": [\"s3:ObjectCreated:*\"],","      \"Filter\": {","          \"Key\": {","              \"FilterRules\": [{\"Name\": \"prefix\", \"Value\": \"inbox\"}]","          }","      }","    }","  ]","}"],"id":1}],[{"start":{"row":3,"column":28},"end":{"row":3,"column":40},"action":"remove","lines":["<Lambda ARN>"],"id":2},{"start":{"row":3,"column":28},"end":{"row":3,"column":94},"action":"insert","lines":["arn:aws:lambda:us-west-2:835489954437:function:trigger-hiringpilot"]}],[{"start":{"row":7,"column":59},"end":{"row":7,"column":64},"action":"remove","lines":["inbox"],"id":3},{"start":{"row":7,"column":59},"end":{"row":7,"column":82},"action":"insert","lines":["nadigsrinidhi@gmail.com"]}],[{"start":{"row":7,"column":40},"end":{"row":7,"column":46},"action":"remove","lines":["prefix"],"id":4},{"start":{"row":7,"column":40},"end":{"row":7,"column":56},"action":"insert","lines":["extracted-emails"]}],[{"start":{"row":3,"column":28},"end":{"row":3,"column":94},"action":"remove","lines":["arn:aws:lambda:us-west-2:835489954437:function:trigger-hiringpilot"],"id":5},{"start":{"row":3,"column":28},"end":{"row":3,"column":95},"action":"insert","lines":["arn:aws:lambda:us-west-2:835489954437:function:trigger-hirinigpilot"]}],[{"start":{"row":3,"column":28},"end":{"row":3,"column":95},"action":"remove","lines":["arn:aws:lambda:us-west-2:835489954437:function:trigger-hirinigpilot"],"id":6},{"start":{"row":3,"column":28},"end":{"row":3,"column":94},"action":"insert","lines":["arn:aws:lambda:us-west-2:835489954437:function:hiringpilot-trigger"]}]]},"ace":{"folds":[],"scrolltop":0,"scrollleft":0,"selection":{"start":{"row":12,"column":1},"end":{"row":12,"column":1},"isBackwards":false},"options":{"guessTabSize":true,"useWrapMode":false,"wrapToView":true},"firstLineState":0},"timestamp":1706694785477}