{"filter":false,"title":"trust-policy.json","tooltip":"/FinalCodes/trust-policy.json","undoManager":{"mark":0,"position":0,"stack":[[{"start":{"row":0,"column":0},"end":{"row":9,"column":1},"action":"insert","lines":["{","  \"Version\": \"2012-10-17\",","  \"Statement\": [","    {","      \"Effect\": \"Allow\",","      \"Principal\": {\"Service\": [\"lambda.amazonaws.com\"]},","      \"Action\": \"sts:AssumeRole\"","    }","  ]","}"],"id":1}]]},"ace":{"folds":[],"scrolltop":0,"scrollleft":0,"selection":{"start":{"row":6,"column":23},"end":{"row":6,"column":23},"isBackwards":false},"options":{"guessTabSize":true,"useWrapMode":false,"wrapToView":true},"firstLineState":0},"timestamp":1706693392444,"hash":"31320e08a78c699572d261ccab0bdbd2698c0c8b"}