{"filter":false,"title":"s3-trigger.json","tooltip":"/s3-trigger.json","undoManager":{"mark":0,"position":0,"stack":[[{"start":{"row":0,"column":0},"end":{"row":12,"column":1},"action":"insert","lines":["{","  \"LambdaFunctionConfigurations\": [","    {","      \"LambdaFunctionArn\": \"<Lambda ARN>\",","      \"Events\": [\"s3:ObjectCreated:*\"],","      \"Filter\": {","          \"Key\": {","              \"FilterRules\": [{\"Name\": \"prefix\", \"Value\": \"inbox\"}]","          }","      }","    }","  ]","}"],"id":1}]]},"ace":{"folds":[],"scrolltop":0,"scrollleft":0,"selection":{"start":{"row":12,"column":1},"end":{"row":12,"column":1},"isBackwards":false},"options":{"guessTabSize":true,"useWrapMode":false,"wrapToView":true},"firstLineState":0},"timestamp":1706693441504,"hash":"c6ee04441c1440cbf22c9b415be6cd2e79a95736"}