{
    "configurations": [
        {
            "type": "aws-sam",
            "request": "direct-invoke",
            "name": "hiringpilot-trigger:lambda_function.lambda_handler (python3.12)",
            "invokeTarget": {
                "target": "code",
                "projectRoot": "hiringpilot-trigger",
                "lambdaHandler": "lambda_function.lambda_handler"
            },
            "lambda": {
                "runtime": "python3.12",
                "payload": {},
                "environmentVariables": {}
            }
        }
    ]
}